{"reviews": [{"direction": "short", "features": {"htf": 1.0, "htf_strength": 4.6020000000003165, "mid_trend": 1.0, "macd": 8.047417182269555, "hist": -0.06954000409451488, "price_vs_ma": 15.50200000000018, "breakout": 1.0, "fvg": 1.0299999999999727, "volatility": 6.740000000000009, "trend_strength": 7.522399999999834, "range_pos": 1.0, "sp": -0.0, "nq": -0.0, "btc": 0.0286, "dxy": -0.0, "macro": 1.5, "regime": 1.0, "triangle": 0.0, "event_risk": 0.0, "volume_spike": 0.0, "volume_ratio": 0.7891709917474593, "buy_pressure": 1.0, "absorption": 0.0, "sweep_high": 0.0, "sweep_low": 0.0, "multi_tf_sr_bias": 0.464, "multi_tf_support_hits": 0.0, "multi_tf_resistance_hits": 0.0, "open_interest_change": 0.0, "mark_premium_rate": 0.0, "funding_rate_live": 0.0, "taker_buy_ratio": 0.0, "derivatives_pressure": 0.0}, "close_price": 2027.31, "close_ts": 1779994552.687479, "atr": 0.0, "review_after_ts": 1779995452.687479}]}